{
  "todos": {
    "Coordinator": {
      "1": {
        "id": "1",
        "content": "设计轻量级AI内容检测架构",
        "details": "基于已研究的AI检测特征，设计前端轻量级+后端高性能的架构：前端做基本文本预处理和快速特征计算，后端进行复杂的AI检测算法处理",
        "status": "completed",
        "priority": "high"
      },
      "2": {
        "id": "2",
        "content": "开发AI内容检测网页应用（完整代码）",
        "details": "创建包含前端和后端的完整AI检测应用：1. React前端（文件上传、文本处理、基本特征计算）2. Node.js/Python后端（复杂AI检测算法、文件处理）3. 数据库设计（用户管理、历史记录）4. 详细部署指南 5. 性能优化避免前端臃肿",
        "status": "completed",
        "priority": "high"
      }
    }
  }
}